<?xml version="1.0" encoding="UTF-8"?>
<project-private xmlns="http://www.netbeans.org/ns/project-private/1">
    <editor-bookmarks xmlns="http://www.netbeans.org/ns/editor-bookmarks/2" lastBookmarkId="0"/>
    <open-files xmlns="http://www.netbeans.org/ns/projectui-open-files/2">
        <group>
            <file>file:/C:/Users/Jasiu/Documents/NetBeansProjects/Spaceship/src/spaceship/Stage.java</file>
            <file>file:/C:/Users/Jasiu/Documents/NetBeansProjects/Spaceship/src/spaceship/ResourceCache.java</file>
            <file>file:/C:/Users/Jasiu/Documents/NetBeansProjects/Spaceship/src/spaceship/Asteroid.java</file>
            <file>file:/C:/Users/Jasiu/Documents/NetBeansProjects/Spaceship/src/spaceship/Bomb.java</file>
            <file>file:/C:/Users/Jasiu/Documents/NetBeansProjects/Spaceship/src/spaceship/Spaceship.java</file>
            <file>file:/C:/Users/Jasiu/Documents/NetBeansProjects/Spaceship/src/spaceship/SpriteCache.java</file>
            <file>file:/C:/Users/Jasiu/Documents/NetBeansProjects/Spaceship/src/spaceship/Player.java</file>
            <file>file:/C:/Users/Jasiu/Documents/NetBeansProjects/Spaceship/src/spaceship/Actor.java</file>
            <file>file:/C:/Users/Jasiu/Documents/NetBeansProjects/Spaceship/src/spaceship/Bullet.java</file>
        </group>
    </open-files>
</project-private>
